layers;parameters;acc_1;acc_2;acc_3;acc_4;acc_5;accuracy;std_dev
3;4380;0.473;0.467;0.461;0.467;0.459;0.4654;0.005550
6;10590;0.646;0.641;0.644;0.638;0.636;0.6410;0.004123
9;35160;0.760;0.761;0.759;0.743;0.752;0.7550;0.007583
12;90240;0.833;0.852;0.839;0.836;0.846;0.8412;0.007727
15;187980;0.865;0.859;0.879;0.860;0.875;0.8676;0.008989
18;340530;0.880;0.878;0.884;0.875;0.881;0.8796;0.003362
