layers;parameters;acc_1;acc_2;acc_3;acc_4;acc_5;accuracy;std_dev
3;4380;0.448;0.454;0.452;0.462;0.431;0.4494;0.011480
6;10590;0.658;0.661;0.656;0.653;0.655;0.6566;0.003050
9;35160;0.724;0.784;0.757;0.742;0.723;0.7460;0.025466
12;90240;0.828;0.816;0.812;0.816;0.819;0.8182;0.006017
15;187980;0.849;0.844;0.859;0.857;0.853;0.8524;0.006066
18;340530;0.865;0.845;0.845;0.860;0.845;0.8520;0.009747
