kernel;path;epoch;acc_1;acc_2;acc_3;acc_4;acc_5;accuracy;std_error;std_dev
4;14;15;0.500080;0.499920;0.500080;0.49992;0.49992;0.499984;0.000088
8;14;15;0.500080;0.499920;0.499920;0.49992;0.49992;0.499952;0.000072
12;14;15;0.499920;0.499920;0.499920;0.50008;0.50008;0.499984;0.000088
20;14;3;0.629845;0.802759;0.768056;0.50008;NaN;0.675185;0.138585
