kernel;path;epoch;acc_1;acc_2;acc_3;acc_4;acc_5;accuracy;std_dev
4;14;15;0.645477;0.696232;0.573523;0.639490;0.707616;0.652468;0.053400
8;14;15;0.798401;0.768276;0.688726;0.651734;0.794600;0.740347;0.066353
12;14;15;0.707236;0.791274;0.827986;0.833343;0.811704;0.794309;0.051360
20;14;3;0.495102;0.542789;0.730825;0.725317;NaN;;0.623508;0.122319
