kernel;path;epoch;acc_1;acc_2;acc_3;acc_4;acc_5;accuracy;std_dev
4;9;15;0.500080;0.499920;0.500080;0.49992;0.49992;0.499984;0.000088
8;9;15;0.500080;0.499920;0.499920;0.49992;0.50008;0.499984;0.000088
12;9;15;0.499920;0.499920;0.499920;0.50008;0.50008;0.499984;0.000088
20;9;3;0.998451;0.980276;0.997681;0.99120;0.99134;0.991789;0.007283
