kernel;path;epoch;acc_1;acc_2;acc_3;acc_4;acc_5;accuracy;std_dev
4;6;15;0.893763;0.909006;0.798960;0.924038;0.539900;0.813133;0.160351
8;6;15;0.947496;0.892444;0.953673;0.933853;0.958621;0.937217;0.026695
12;6;15;0.956342;0.840680;0.969885;0.967716;0.960940;0.939112;0.055289
20;6;3;0.982849;0.985387;0.988546;0.982099;0.988456;0.985467;0.003026
