kernel;path;epoch;acc_1;acc_2;acc_3;acc_4;acc_5;accuracy;std_dev
4;9;15;0.826647;0.837161;0.791004;0.759420;0.770235;0.796894;0.034119
8;9;15;0.860240;0.894962;0.882889;0.728196;0.871444;0.847546;0.067960
12;9;15;0.915732;0.928426;0.911094;0.850895;0.911814;0.903592;0.030270
20;9;3;0.840800;0.808286;0.787806;0.869555;NaN;;0.826612;0.035996
