kernel;path;epoch;acc_1;acc_2;acc_3;acc_4;acc_5;accuracy;std_dev
4;6;15;0.499710;0.500290;0.499710;0.500290;0.500290;0.500058;0.000318
8;6;15;0.499710;0.500290;0.500290;0.500290;0.500290;0.500174;0.000259
12;6;15;0.499710;0.500290;0.996942;0.500290;0.499710;0.599388;0.222239
20;6;3;0.992714;0.990205;0.994303;0.991644;0.993733;0.992520;0.001644

