layers;parameters;acc_1;acc_2;acc_3;acc_4;acc_5;accuracy;std_dev
3;4380;0.448;0.454;0.452;0.462;0.431;0.4494;0.011480
6;10590;0.658;0.660;0.656;0.653;0.655;0.6564;0.002702
9;35160;0.724;0.784;0.757;0.727;0.723;0.7430;0.026898
12;90240;0.828;0.816;0.812;0.816;0.819;0.8182;0.006017
15;187980;0.849;0.844;0.860;0.857;0.853;0.8526;0.006348
18;340530;0.862;0.845;0.845;0.860;0.845;0.8514;0.008792
