depth;params;acc_1;acc_2;acc_3;acc_4;acc_5;accuracy;std_dev
3;4380;0.471;0.467;0.461;0.467;0.459;0.4650;0.004899
6;10590;0.644;0.644;0.644;0.636;0.636;0.6408;0.004382
9;35160;0.760;0.761;0.743;0.743;0.752;0.7518;0.008758
12;90240;0.833;0.852;0.839;0.836;0.848;0.8416;0.008081
15;187980;0.865;0.859;0.875;0.860;0.875;0.8668;0.007823
17;340530;0.880;0.878;0.884;0.875;0.880;0.8794;0.003286
